num,index
1,dat村勢力図
2,かのこんで家族会議
4,謎肉
5,あたい
6,シュミッドディーヴァ
7,ゾロ目の人は晒すんだ!
8,スパイダーマン2
9,昼になったらラジオ
10,原始人始めようぜ! メイフマスターズ
11,バーザムと行くカンボジアゴミ拾いオフ
12,あは山
13,週末恒例黄色らじお!
14,真
16,dat「」マップ
17,てゐ
18,新人研修
19,不快「」
20,6号さん
21,コンソメ
23,みすてあ
25,ヒカリ
28,ソウカさんコラしてくれ
29,ネコミミちさと
30,秀夫
31,ベルシオン
32,駄犬
34,キャプチャかわいい!
36,「」ルヒ
37,ハニワなんて
38,斬新
40,ゾロ目でがおる
41,スターウォーズ
42,無問題
43,「」ちゃんオススメの作家さん
44,山本寛
45,(゜∀゜)アンダー
46,MMO
47,プログラマ
48,しまっちゃうよ
50,フラグクラッシャー
52,サキュ山
53,郵政カブ
56,加賀愛
57,アイゼンさんの愛がある風俗店
58,白雪姫
59,エイプリルフール捜索
60,ブライト
61,下山さん
62,ルク
63,はぁと
64,着こなし
65,WBC決勝
66,しゃべるな気がちる
67,スレ「」がダメ
69,すゐぎんたう
70,マジコン
71,スペースデブリ対策
72,真紅
74,ギター
75,も
76,ぶいぶい
77,逆十字
78,アマガミ実況配信
79,休日返上で警戒する自衛隊
80,めだあき
81,プラモ入門
82,外来種
83,WBC
84,愉快なスレ
85,「」達の麻生
86,シェリルさん
88,薬子とがおる
89,出来そこないだ、食べられないよ。
90,アルカナハート2
93,ツインスティック出せ
95,スターオーシャン4
96,街森
97,十二姉妹
98,オル山
99,木曜洋画劇場
100,いたりー
102,武装神姫
103,日向葵
104,はるちん
105,鈴
106,グッドナイト☆三蔵
107,草食系
108,微妙
109,妹がレイ
110,刹那・F・セイエイ
111,あむちゃん描くじょん
112,あっきー
113,ゆかりん
114,イツ花
115,魔天王ゴルバス
116,アセルス
117,オギダ
119,自由帳
120,501高校
121,りんご
122,カスミさん
123,音子
124,natori@zianplus.net
125,ベホイミ
126,ぱちゅりー
127,泣き虫ティアナ
128,藤花
129,りすか
130,ダークエグゼリカ
131,あくいさん
132,シスタープリエ
133,人形
134,チグラーシャ
135,茜
137,ルパン3世VS名探偵コナン
139,けーね
140,こあ
141,肉ラジオ
142,自演乙
143,ミク
144,ダイエット
145,京橋
147,じゅっぴょりあ
148,ゾロ目サンタ
149,マリナ姫を可愛く
150,格ゲー
151,MD
152,催眠オナニー
153,片目ちゃん
154,YouTube
155,都
156,ゾロ目ラジオ
158,閻魔
159,となかい
160,リボンズ・アルマーク
162,キルヒホッフ
163,アニソン三昧中継
164,ドドビッシュ・ドビッシュ・ド・ドドビビッシュド
165,昼めどい
166,カレー
167,京アニ
168,スーパーセンコロタイム
169,レティ
170,神無月めぐみ
171,芹沢茜
173,戦う理由
174,ぎっくり腰
175,名鉄ばかわはー
176,イチローの食生活
178,ばってんさん2周年
179,～汝は人狼なりや?～
180,「」でネトゲやらね?
181,メイド軍曹
182,カズマ
183,ダイナ
184,ふたば学園祭
185,ヒソカ
187,ニーソ
188,モニカ
189,レミリア
190,スレの寿命
191,捕鯨
192,エースドライバー
193,ドロンパ
194,舞-乙HiME
195,オラタン
196,ミーナ隊長
197,アドエス
198,NHK徴収撃退法
199,子役からタレントを経てAVへ
200,es
201,萃香
202,wesnoth対戦
204,SA
205,みなもちゃんのゲーム作った
208,車
209,ミスティア
210,家庭での会話
211,ファランクス
213,東方なり雑
214,幸子
215,コトノーカン
216,引力と巨乳の戦い
217,恵方巻き
218,ハレルヤ
219,王子
220,ゴンズイ
221,ガンジー
222,カブ
223,ぶさぬこさらさら
224,ルル山
225,BØY
226,メディア芸術祭
227,るりるり
228,カラオケ
230,7DRAGON
232,四季映姫
233,汲み取りトイレ
234,ただし3桁で妊娠
235,わんわん
236,スズメの危機
237,おみくじスレ
239,キャロ山さん
240,ぺこ宮
241,赤ずきん
242,律子
243,ボッキ
245,久遠
246,なりきりリーフファイト
248,メロウリンク
249,真ぱちゅりー
250,格言めどい
251,ロビン趙
252,キャッシュ
253,黒こな
254,ベジータ
255,暇「」
257,花ちゃん
258,GT
259,桃子
260,せつな
261,ことみ「」
262,エグゼリカ
263,タマモ
264,しゃろーん
265,蟹様
266,ぞろさら
268,ガビル
269,がおる
270,サーニャ
271,グレーテル
272,ドラゴンクルセイド
273,サターン
274,赤字祭
276,国名ダジャレ
277,トリプルX ネクスト・レベル
278,再アニメ化券
280,国連
282,かなめ
283,神宝の太刀
284,動物愛誤
285,チューバの時代
286,ソウカ
287,ディケイド
289,ネン
290,ゾロ目の「」は晒すんぬ
291,スーファミ
292,23:44の三代目(隠居)
293,nya
295,コンパニオン
296,かたす
297,マカ
298,沙慈ガンダム
299,偽先生
300,&gt;。
302,檸檬
303,RPG
304,東映版スパイディ
305,初姉さん
306,35過ぎて気が付いた
307,ユグドラ
308,すゐ
309,ユーリ
310,fukuoka.ocn.ne.jp
311,オル・ゴール
312,芝芝芝芝凸三.........
313,ルンルン
314,トリックスター
315,モンプチ
316,ストリートファイター
317,GONZO
318,赤い子実況
319,みすずちん
320,タカノリ
322,プラモガレキ総合
323,ババァ
325,朝だから初音さん貼る
326,SHIT LIMIT
328,ユリア
329,紅電掌ズ
330,モエバイン
331,あの娘とSEXしたい
333,聖剣伝説3
335,木馬
336,紅電掌
337,筋トレアニメ
338,白レン
339,紗々
340,みなもちゃん
341,2番たん
342,神速愛
343,あぁんもぉお!
344,流浪のぬこ
345,半年POMれ
346,トムとジェリー好き?
347,めどいさん談義
349,モモメノ
350,宮前
352,幼女
353,アチャ子
355,ゆうこりん
356,巨乳と貧乳
357,たんけんぼくのまち
358,このアニメがすごい
359,うーみん
360,豚インフルエンザ
361,おじき
362,ストライクウィッチーズゲーム
363,ファリン
366,姫子
367,二次裏観てた娘と
368,Risa
369,豆腐
370,冥土
371,ルル
372,とこしない
373,古参ぶるお
374,さくら
375,アリス
376,ハルヒ
377,芝ブログ
378,ぶっかけコラ
379,カースメーカー
380,ちんこしまえ
381,なり雑
382,適当「」
383,関東を順位付け
384,月森先生
385,dat耕作員
386,ホウライエソ
387,春香さん
388,フリチン
389,アキカン!は素晴らしい
390,なのはさん
391,傘
392,佐久夜
393,ゼーガ
394,とっぱら
395,ランスロット仮面
396,みなも戦記
397,赤い子
398,アンジェラ
399,けいおん!
400,薔薇水晶
401,カガリ
402,茶子
403,さい子
404,ニヤコラ
405,まこいち
406,シイラ
407,叔父さん
408,パニッシャー
409,ジロー
410,行田のフライ
411,おつとめ…ごくろうさま
412,糖尿病だ!
413,池田
415,誕生日5月の何日だっけ
416,あしゅら男爵
417,エロい話
418,あなたたち、いつまで起きてますの!
419,GTアニメ化
420,レティさんなりきり
421,お姫様抱っこ
422,SABEさん
425,主婦王女
426,メスノート
427,ワハハ
428,相当恥ずかしい
429,横四方固め
430,Firefox
431,インドで就職
433,ドラクエ6
434,ダイ・ハード2
435,頼子
437,部屋晒し
438,ポリフォニカの人気キャラ
439,群馬県
440,へたれ主人公
441,&quot;々&quot;←これってなんて読み
442,翠星石
443,痔ろう
444,安倍ちゃん
445,pixiv
447,エリー
448,死生観
449,君の意見を聞こうッ!
450,アニソン熱中夜話
451,ローゼ
453,フォントにどうしようもない
454,PS3
455,なのは
456,清貧フェイト
457,お空
458,ひわい
459,29歳バツイチ告白されて
460,サラマンダー
461,つまらない話
462,ファイヤーウォール
463,白岩
465,ヴィータ
466,オトート
467,顔が2パターンだけ
469,えろげ規制
471,サマヨイザクラ
472,datで配信
474,ナンバーズ
475,何か面白いフリーゲーム教えて
476,演歌
477,催眠
478,まいん
479,お姉様、あれを使うわ
482,マクロス
485,着物
486,GENOウイルス
487,Mac
488,なのはさんフィギュア
489,4人以上乗れる珍しい中古車を教えてよ
490,みつば
491,おかもち
492,twitter
493,誕生日なので
494,アリサ
495,ウェールズ
496,食ザー
497,ZENUX
498,赤い子以外の話
500,ホームページ製作代行
501,インデックス
502,マスク・オブ・ゾロ
503,トレーラー
504,暇だしセックスしよ
505,地球は「ミニ氷河期」へ
506,なんだったんだろう俺の○年
507,ねー
508,地蔵
509,グランドマスター
510,ゆかりん世紀末
511,ターミネーター
513,俺とお前の友情
514,「」とは
515,下二桁
516,ジンク
518,懐かしいもの
519,専門用語
521,シャマルさん
522,馬場とビグザム
523,トゥームレイダー
524,ネギミク
525,クリエムヒルト
526,古生物
527,腹筋
529,ギンガさん
530,めちゃモテ委員長
531,エド・はるみ
532,くっ…
533,マラリヤ
534,datキャラ
535,アンジェリア
537,SOZAIYA
538,ふたなりの美少女に掘られる
539,ジム
540,ウルトラマン80
542,ガードが固い
543,ぶるぅ!
544,真クン
545,赤
546,バーザム
547,ドリャ
549,きゆづき
550,文ちゃん
551,セカイ系
552,サザエさん
553,やめて「」
554,夢
555,datで絵が
556,SMAP
558,千と千尋の神隠し
559,千早城
561,神保町界隈の食い物屋
563,天下一
564,伝説の武器っぽいの
565,千早が可愛すぎて
566,ルパン
569,コスプレ
570,バトロワ
571,耳が腐る
572,ユギリ姉の存在意義
573,北へ。
574,カードゲーム考えた
575,フラダンス
577,怪我暦
580,ランチパック
581,州知事
582,ロビケロ
583,フェイトさん
584,ルパン三世・ルパンVS複製人間
586,深海魚
590,けいおん!は人間性
591,シキエーキ
592,邦画
594,エロゲー
597,ボーン・アイデンティティー
598,ターミネーター2
599,ターミネーター3
600,輪廻転生
601,シグナム
604,矢吹先生
605,脱兎マン
606,大航海時代
607,ゆのっち
608,不思議ちゃんフェイト
609,王将
610,縞パン
611,アニメの殿堂
612,冷凍みかん
613,さいこうにかっこいいガンダム
617,武士
618,富野
620,召喚
621,2期反省会
622,メガテン3
623,親にWoWのデータを消され狂う少年
624,GT三周年記念
625,おのれジェネオン
627,datの「」ちゃんとカラオケ行ってきたよ
628,まりあ
629,幸福実現党
630,植田佳奈
631,ロロナ実況
632,マクロスF
634,ガンダム像
635,ジェダ
636,ルルーシュ
637,TBS
638,マイケル
640,プーチン
642,ゆかな
644,なのはアナザーストーリーズ
645,アイゼン
647,ヴィヴィオ
648,たそがれ清兵衛
649,金玉三郎
650,SE
651,破ネタバレ
654,中二病
657,リン
659,こぽぺ
661,泉
662,神様
664,でか女
665,絵描き
666,日本人
667,犬猫
668,阿求
669,blog
670,スバルさん
671,鉄砲技術
672,ドロ様
674,御本業
675,メカヒスイ
676,jun
677,NINJA
678,アキくん
679,テレーゼ
680,バハムートラグーン
681,オナホ
682,datでモノ作り
683,オナ事故
684,ヴァンガードプリンセス
685,常識力テスト
686,いつきくん
687,オトスキ
689,虫遊び
691,ダーククロニクル
692,マルチ商法
694,ある日突然中学生になったら
698,あむちゃん
700,なのはvivid
704,AMD
707,五月病
711,尿缶
717,テレビ
718,二つ名
721,みやびちゃん剥ぎコラ
722,エミュレータ
726,星島被告
729,ノエルさん
732,洋RPGは素晴らしいのに
733,とんぶり
736,動物と添い寝
738,約束の誰かの嫁
739,全国お勧めスポット
742,AIR
744,宗教
745,大正野球娘
746,借金返済
748,制服にガーター
749,東方なりきり
750,コンピュータースキル
751,膣内動画
752,72
754,女子高生
756,フィギュア萌え族
759,障害者
762,生活保護
764,マリさん
765,ブルマ
767,幼少の思い出
768,宇宙かけ
770,TAXY NY
771,定型化するわマジ…
772,誰得ナイフ
773,馬
774,デカ王
778,少女の食べ頃
779,那波
781,三次ロリ
782,りそな
784,純夏
785,萌えアニメ飽きた
786,台本
788,masturbation
789,dat探索スレ
792,テレビアニメ総評
793,エヴァ
794,川魚うめぇ
795,すずかさん
797,mixi
801,ガタガタ
803,ねむいから面白い話して
804,卵
805,暇!(≧▽≦)
813,鍵ママンズ
815,バイザウェイ
816,童貞論
817,積読
819,妄想都市-NIJIURA
820,副社長
823,猫の恩返し
824,タラオ
825,大相撲
826,トキメキファンタジー ラテール
827,ハリー・ポッターとアズカバンの囚人
830,都議選
831,スク水
834,ハリー・ポッター
839,GUN×SWARD
840,ロボ娘
841,かなめも
842,蟹工船
843,ちょびっつ
844,ゾロ目で歌声
845,背筋がぞくっとくる歌
848,ChatPad
850,ハリー・ポッターと不死鳥の騎士団
852,泌尿器科
854,了法寺
855,エメラルド
856,偽チャイナ
857,モコイさん
858,わかこちゃん
859,win7
860,ドラクエⅨ
861,だめどいさん
862,レギンス
863,化物語
865,りんごOFF
866,十六夜咲夜
867,ウメハラ
870,スケベまうまう
871,ケンタッキーフライドチキン
872,了解いたした
873,モアイ三角定規
874,よくわかる現代魔法
877,悩み相談
878,魅惑の小学生
879,釣りスレ
880,エトペン
882,皆既日食
884,金田伊功逝去
885,シムシティ
886,ザ・グリード
887,へーはちろう
889,騙し絵
890,もみじマーク
891,アンダー ザ ローズ
892,datは京アニ
893,iPod
894,はやて
896,メシウマ状態
897,ニャス
898,携帯
899,百合とレズ
900,安陪ちゃん
901,00年代アニメ
902,雪さん
904,夏だなあ
905,良いか悪いかは別として
907,型月なりきり
908,X-メン
909,ハロワ@ふたば
910,音無小鳥
911,ポケモン
912,作詞したから曲つけて
914,木星
918,ガンダム
919,蘭花
921,アメリカの萌え
922,ゆりえ様
923,アスカ
924,鉄腕DASH
925,体位
926,デスクトップ
931,理想の町
932,職業
933,てつを
934,ちとせ
935,蜘蛛
936,やちくじ
937,ぜるげ～のむ
938,長クリ「」
939,ラジオ「」
942,女声
943,タイ
944,ドアノブ
945,釣り
946,高松
947,9デイズ
948,リーゼ姉妹
949,アレックス
950,佐賀
952,才能あるか
953,東なり
954,J-POP
955,空の境界
956,激突要塞
957,渡久地
958,ナマズ
959,ゲゲゲの鬼太郎
960,リインⅠ
961,仙台
964,生理
966,ウォシュレット
967,トルネード
968,浅草こども会
970,ミルフィーユ
971,ティアナ
972,dat村長
973,AA
974,部隊長
975,モンスターハンター
976,ブルーレイ
977,ウォーターワールド
979,ペド
981,ダイビング
984,イデオン
991,父さん
993,デュープリズム
995,プロテイン
996,仮面ライダー ディケイド
997,洋館
998,脱出ゲーム
999,おさげ
1000,トランスポーター
1001,沙慈・クロスロード
1003,漫画家「」
1004,地震
1005,語尾アル
1006,ぐんま昆虫の森
1007,タイラント
1010,ドリームクラブ
1011,時をかける少女
1012,じゅうべえ
1019,ランダムなりきり
1021,そこそこ懐かしい
1022,時代劇
1023,しるく
1024,ぱにぽにだっしゅ
1025,BS熱中夜話
1032,火垂るの墓
1034,メイリィ
1036,七夜
1037,ナイトミュージアム
1038,ホアイトアウト
1039,X-MEN ファイナルディシジョン
1040,L change the WorLd
1041,パイレーツ・オブ・カリビアン
1042,チャーリーズエンジェル フルスロットル
1043,ヱヴァンゲリヲン新劇場版:序
1044,SPEED
1046,魔女の宅急便
1048,押井
1049,宮崎駿
1050,もののけ姫
1051,インド
1052,声優
1053,カラオケオフ
1054,制服
1055,イギリス
1057,HDD
1058,SSD
1059,百合とかもういいよ
1060,百合
1062,Crush the Castle
1063,ブラウザゲーム
1064,自衛隊
1065,トップガン
1068,マスク
1070,ハリー・ポッターと賢者の石
1071,ざむい
1072,三角犬小屋
1073,オレステス・デストラーデ
1074,まこっ♪
1075,稲川淳二
1077,OS娘
1078,硫黄島からの手紙
1079,レミマリ
1080,クラリス
1081,鞠乃
1082,黒歴史
1085,触手
1086,ものたりん
1087,del
1089,妹
1090,コミケ
1091,漢字テスト
1094,謎
1095,姉
1096,イチロー
1097,しぐしぐ
1098,メルラン
1100,女湯
1101,セガ
1102,さとり
1103,クリムゾンリバー2
1105,地デジ
1106,校歌
1107,杏
1108,ロリコン
1109,光る!鳴る!DXホタテドライバー!
1111,被爆
1112,PC
1115,20世紀少年
1118,この街では
1119,ラッキースケベ
1122,まほろさん
1123,色
1124,色盲
1125,ホッタラケの島
1126,無駄毛処理
1127,フレフレ少女
1130,アキ君
1131,プリキュア
1133,ガンダム00
1134,リリカルなのは
1135,フライパン
1142,00最終回実況
1143,Oガンダムだせぇ!
1144,OYSTER
1145,おっぱい
1146,池田ァ!
1151,とらいあんぐるハート
1152,宇宙人
1153,オタク
1154,ユノっち
1155,抱き枕
1156,風俗
1157,杉並からハイキング
1158,箱
1159,ポテトジャンキー
1161,ユーノ
1162,ハンバーグ
1167,ミヨリの森
1168,dat村
1171,相撲vs剣道
1172,だとフライ
1173,スターゥオーズ クローンの攻撃
1174,バイク
1175,給食
1176,大ショッカー
1177,リンディさん
1178,セックス
1179,エビフライ農家
1180,日本低脳論
1181,dat村総選挙
1182,総選挙
1183,イカロス
1184,椅子
1185,マイケル・ジョンソン
1186,鋼の錬金術師
1187,ドラマ
1188,フェミ
1189,カメ
1190,りんちゃんさん
1191,よござんすか?
1193,去勢
1195,カレンダー
1197,怪文書
1199,あいまいみい!ストロベリーエッグ
1200,春麗
1201,アキバ系
1202,独身一戸建て
1203,ロレンス
1204,糞ぱ
1205,林先生
1207,彼女
1208,ラブプラス
1209,就職
1210,坊主とお金
1211,SEX
1212,「」の日常
1214,新入社員歓迎会の後
1215,( ´д)チワ(´д`)チワ(д` )
1217,えびふらいさん
1218,妹は座敷童子
1219,グラハム
1220,下着女装
1221,女装
1223,枕営業
1224,政治
1225,サガ
1226,恋愛
1227,ファッション
1228,野球
1229,犬
1230,猫
1232,とらドラ!
1233,アンチスレ
1234,浮気
1235,ばってんさん
1236,今日の食費
1237,DLC
1238,オサレな靴
1239,なもちゃん
1240,軍備
1241,神道
1242,お寺
1244,エンドレスエイト
1245,アマガミ
1246,カヤック
1247,流石の俺も引くわ
1248,親戚の集まり
1249,既婚「」
1250,画伯
1251,絶望先生
1252,うんこ
1253,仮面ライダー
1254,もっさん
1255,仮面ライダーW
1257,黒ちゃん
1260,ストライクウィッチーズ
1261,ヤハテのごとく!
1262,ファミコン澪ちゃん
1264,水泳部
1265,部活
1266,秋葉原
1267,変な子
1268,めどいさん
1269,オリジナルレシピ
1270,花札
1271,NHKアニメ
1272,ノノノノ
1273,バルムの樹
1275,いつ頃からdatにいるの?
1278,金田朋子
1279,昔話
1280,毒島華花
1281,愛、愛って何だ?
1282,トマト
1283,食べ物
1284,ストッキング
1286,XBOX360
1287,甘味ちゃん
1288,ODA
1289,攻殻機動隊
1290,宇宙
1291,珍
1292,アニメ
1293,dat信教
1295,ウェットスーツ
1296,ガンダムW
1297,ねこめいど
1298,竜太郎
1300,女
1301,ワンダープロジェクトJ2
1302,はっぴぃセブン
1303,咲-Saki-
1304,東方
1305,惨事
1306,オーディオ
1307,料理
1308,モスー
1309,dat昔話
1310,鮫
1311,サメ
1312,オフ会
1313,勇気マンマン
1314,おちんちん
1315,荒らし
1316,女の下着
1318,夏希先輩
1319,井上雄彦
1320,ゴレンジャイ
1321,魚料理
1323,ルイーゼ
1324,アイマス
1325,シスプリ
1326,ラーメンマン
1327,納豆
1328,ツンボ
1330,質問乱立スレ「」
1332,マギナ
1333,ワカメ
1334,ゲハ
1335,未央たん
1336,神谷明
1337,ウルトラマン
1339,BLEACH
1340,液晶
1342,臨床心理士
1344,うろ覚えろ!
1345,アメコミ
1346,渋滞
1347,精通
1350,お好み焼き
1351,桃井はるこ
1352,型月
1353,コンプティーク
1354,ドール
1355,キャロ
1356,ぬの構え
1357,テクポリ
1358,原作レイプ
1359,オーディオマニア
1360,エロゲ
1361,ガンダムUC
1362,絵を描く
1363,引きこもり生活
1364,エンターキー
1365,あみちゃん
1366,CPU
1367,メガネ
1368,スフィア
1369,アグネス
1370,ハゲ
1371,詰め将棋
1372,ビール
1373,俺の妹がこんなに可愛いわけがない
1374,アニメ汚染度
1375,BOMB
1376,いもげ
1377,オナ禁
1378,「」の深層心理
1379,青春の邦楽ロック
1380,吸血鬼
1381,素直クール
1382,パチンコ
1383,大阪弁
1384,PEACH-PIT
1385,介錯
1386,トコロテン
1387,かんなぎ神社
1388,かんなぎ
1390,ワンピース
1391,ufotable
1392,粉茶
1393,AV女優
1394,カミーユ
1395,willcom
1396,妖怪
1397,疫病神
1398,東原亜希
1399,八ツ場ダム
1400,事故
1401,運賃
1402,酒
1403,超常の力
1404,結婚式
1405,漫画描き
1406,ヤモリ
1407,バキュームベッド
1408,プラネテス
1409,産経新聞
1410,iPhone
1411,イムホテーップ
1412,専務
1413,銀河英雄伝説
1415,エボリューション
1416,ディアナ様
1417,∀ガンダム
1418,遠野志貴
1419,遠野美凪
1420,ぽっちゃり☆プリンセス
1421,採血
1422,眼鏡
1423,PSP
1424,フサフサ丸
1427,ハガキ職人
1429,ひゃおおお
1430,猪木
1431,AV
1435,Megami
1436,娘TYPE
1438,鉄人28号
1439,同人
1440,windows7
1441,アヒルちゃん
1443,家族関係
1444,みのりん
1445,打ち切り漫画
1446,富山
1447,神社
1448,datで会社
1450,エレメントハンター
1451,フラグクラッシュ
1452,ウルトラセブン
1453,「」総監督
1454,キャッ伽卯不不
1455,ペタン
1456,ロリ
1457,パワー型
1458,ラブホテル
1459,カロリーメイト
1460,amazon
1461,けんぷファー
1463,TMA
1464,新谷良子
1465,ジオング
1466,黒執事
1467,自転車が迷惑
1468,牛乳
1469,ご飯
1470,オケラ
1471,del志願
1472,暗殺者
1473,幽霊
1475,生徒会の一存
1476,このラノベが酷い
1477,ボンボン
1478,ショタ
1479,高橋留美子
1480,ぬこ
1481,動物
1482,ライトノベル
1483,figma
1484,ホルモン焼き
1485,フロッピー
1486,妄想ポリフォニカ
1487,結局原付
1488,引用スレを語る
1489,座敷童子
1490,ピータン
1493,BD
1494,初エッチ
1495,そらのおとしもの
1496,がっかりゲーム
1497,幸福の科学
1498,イカ
1499,オタ部屋
1500,ペドい上司
1501,チアキ
1502,ときメモ
1504,ハチロク
1505,台風
1506,レゲエ
1507,美肌一族
1508,メガテン
1509,ガジェットトライアル
1510,超電磁砲
1511,西縦アウト
1512,オナニー
1513,殺辻さん
1514,ロロナさん
1515,夏のあらし!
1516,ミラクル☆トレイン
1517,乱立荒らし
1518,聖剣の刀鍛冶
1519,中出し
1520,ミニ四駆
1522,ジョロロさん
1523,武器
1524,フィギュア
1525,パワプロ
1526,メスシリンダー
1527,マトリックス
1528,ラピュタ
1530,にゃんこい!
1531,今日は一日「プロレス・格闘技テーマ曲」三昧
1532,シェリル
1533,わはー!
1534,もやし
1535,カイジ
1536,ハルフ
1538,ジェイソン
1539,宮永照
1540,パワーインフレ
1541,ロロナのアトリエ
1543,ネッ広
1544,くー
1545,どっちもメイド
1546,DARKER THAN BLACK
1547,銀河鉄道999
1548,キルミンずぅ
1549,やり込み自慢
1550,鉄道
1551,サガラ軍曹
1552,クルツ曹長
1553,名誉毀損
1554,軽トラ
1555,ベヨネッタ
1556,不謹慎
1557,夕張市
1558,無限のリヴァイアス
1559,まじぽか
1560,性格診断
1561,代理
1562,水戸黄門
1564,なりきり風AVG
1565,夏目友人帳
1566,ROCK
1568,Forza Motorsport
1569,床オナ
1571,ぼくの地球を守って
1572,しっぺい太郎
1573,お前はそこで乾いていけ
1574,3DCGソフト
1575,スカート
1576,記事
1577,荒らし対策
1578,すき焼き
1579,十夜
1580,宇宙戦艦
1581,システム音声
1582,最終回が酷いアニメ
1583,起動音
1584,ダジャレ
1585,DS
1590,スタンド
1591,黒髪ロングストレート
1592,シャア
1593,任天堂
1594,削除依頼
1595,個人粘着
1596,木馬氏粘着荒らし
1597,チャット
1598,まこいち粘着荒らし
1599,ゴジラさん
1600,木馬氏への粘着荒らし問題
1601,パンツさん
1602,まこいち騙り
1603,書籍
1604,未来
1605,アイギス
1606,いばら姫
1607,アルフ
1608,ムント
1609,ウタゲ
1610,パカッ
1611,他鯖交流
1612,PSPo2
1613,斜視「」
1615,微のは
1616,同画像マルチ荒らし
1617,質問荒らし
1618,ネトゲ
1619,VNC
1620,二郎
1622,まこいちキチガイ
1623,ぎふチャン
1624,ぞろ目キャラ
1625,FPSからネタスレに
1626,ケータイ小説
1628,瀬戸の花嫁
1630,エロアニメ
1631,小鳥さん
1632,テンションがち上がり!
1633,ZERO3
1634,ウィルコム
1635,セブンスドラゴン
1637,千早
1639,大友克洋
1640,女性専用風のロボ描いたー
1641,手塚漫画
1642,2年前のdat
1644,HIP HOP PSP(go)
1645,大麻
1646,江戸時代
1647,マツダ
1648,ワンダープロジェクト
1649,勇者王
1650,ういちゃん
1652,大阪の陣
1653,dat仕分け
1654,柿
1655,ドロッセル
1656,民主党
1657,コードギアス
1658,しもんきん
1659,ニコニコ静画
1660,言葉の力は大きい
1662,オバマ
1663,Flashゲーム
1664,招き猫ダック
1665,アフラック
1666,氷酢酸
1667,韓国
1668,コミックギア
1669,datカメラ
1672,格ゲー女キャラ
1673,空から日本を見てみよう
1674,アスラクライン男
1675,増殖
1676,酒乱
1677,天空の城ラピュタ
1678,ギャハイヒさん
1679,日本刀
1680,フタコイ
1681,マッチ
1682,かのこん
1683,先行者
1684,テキストサイト
1685,あずにゃん
1686,白菜
1687,プレステ
1688,Vガンダム
1689,方言
1690,ボーダーブレイク
1691,鬱がおる
1692,「」の剣
1693,AT
1694,imgでアク禁
1695,坂の上の雲
1696,タキビ
1697,ドバイ
1698,ハスキー犬
1699,封神演義
1701,NikQ
1702,土属性
1703,バニーガール
1704,ししゃも
1705,あんみつ姫
1706,ルリルリ
1707,永遠の命
1708,くるみ
1709,ネネさん
1710,科学忍者
1712,りりかるまじかるめがでかくなる
1713,シェルターの作り方
1716,子供の名前
1717,パスタ
1718,佐天さん
1719,電波的な彼女
1720,処女
1722,へいはちろう
1723,性処理用ロボット
1725,SF
1726,コンビニ店員
1727,お勧め本
1728,肉便器先生
1729,セイントオクトーバー
1730,堀江由衣
1731,キムタカ
1732,壊れミク
1733,ぬこのおっちゃん
1735,D様
1737,最終兵器彼女
1739,メル友
1741,プーヤン
1742,配信
1743,ウェンディーズ
1744,リトルウィッチ
1745,ジャンプ
1747,ブラウザ三国志
1748,日本
1749,人型コタツがほしい
1750,嫁
1751,パワポケ
1752,ときめも4配信
1754,ピカチュウ
1755,リトバス
1756,文字画像
1760,ミクダヨー
1762,わっち
1763,ヒロユキ
1764,メリークリスマス!
1765,明石家サンタ
1766,青龍刀
1767,厚くてやる気でんぬ
1768,クリスマス
1770,黄ばみ
1771,TSガンダム
1774,クドリャフカ
1775,家電板
1776,ルサルカちゃん
1777,マジキチ
1778,ファイル整理
1779,衝動買い
1780,小林ゆう
1782,うみねこ
1784,カンフー映画
1786,水着
1787,上条さん
1788,ナギミク
1789,コブラ
1790,ガキ使
1791,しーぽん
1792,監視員
1793,エルスマン軍曹
1794,さだまさし
1795,もちい
1796,dat新年会
1797,同人誌
1799,駄えう
1800,初夢
1801,小町
1802,TRPG
1803,沙耶ぴったん
1804,駄猫
1805,こなちゃん
1806,アニソン紅白
1808,ソ・ラ・ノ・ヲ・ト
1809,カツオノエボシ
1810,吉野弘幸
1811,水樹奈々
1812,ラノベ作家
1813,バカとテストと召喚獣
1815,SUPER STREET FIGHTER IV
1816,魔法少女リリカルなのはA's
1817,姫路
1818,SHAFT
1821,ヴァル
1822,ななし&amp;ほうき
1823,JK
1824,神原駿河
1825,レズ
1826,ニート
1827,ボブ
1828,タイムリープ
1830,運賃ラジオ
1831,要約
1832,黄泉
1833,冷え性
1834,はやぶさ
1835,南央美
1836,かわいそうなぞう
1837,ツインシグナル
1838,ロボットの心
1839,ビリビリ
1840,ロマサガ
1841,ハルマン
1842,datソング
1843,筋トレ
1845,禁書目録
1846,荒らし規制
1847,使い魔召喚
1865,夢日記
1866,お天気スタジオ
1868,個数プレ
1870,放送禁止
1872,最近見た夢
1873,女体
1875,家事
1876,BENTO
1877,パンツ
1878,NHKスペシャル
1879,RO
1880,ロシア美女
1881,特攻隊のキューピー
1882,怪獣
1883,名塚佳織
1884,東せつな
1885,小説
1886,青野武
1887,リインフォース
1888,ばってんさん3周年
1889,あたため子
1890,うむ
1891,女剣士
1892,童貞
1894,V系
1896,スラムダンク
1897,睡眠
1898,Kanon
1899,映画
1900,鏡姉さん
1901,フレディ
1903,自主規制
1904,紅
1905,配信スレ多くね?
1906,ゲハスレ
1907,SIC
1908,声さらさら
1909,デュラララ
1910,せーの
1911,伊集院光
1913,相撲
1914,皿を汚さないカレーの食べ方
1915,おみくじ
1916,初音ミク
1917,聖痕のクェイサー
1918,理想の筆おろし
1919,ケモ
1921,Youtube
1922,datっぽい動画
1923,日曜日の360スレなんだ
1924,悟空
1925,胡蝶ちゃん
1926,海外ドラマ
1928,刀語
1929,猫背
1930,しょくしゅ
1931,ゾロ目で命名
1932,痛い子
1933,トップをねらえ2!
1934,ヨシカ
1935,美凪
1936,バレンタイン
1937,似顔絵
1938,ベイビープリンセス
1939,エロ漫画
1940,未央た
1941,ゴセイジャー
1942,ラーメン
1944,NHK
1945,ふたばまとめ
1946,北斗の拳
1947,くもじい
1948,うごく
1949,さにゃにゃ
1950,自炊
1951,蛇口の原理ってすごいね
1952,種
1954,中村主水
1955,藤田まこと
1956,訃報
1957,なんかさハイ!ハイ!って感じでカメラが
1958,カードゲーム
1959,リアル彼女
1960,datマスター
1962,藤田まこと追悼
1963,いいよね
1964,ベターマン
1965,ロボ描いたー
1966,とぴうか
1967,ブラウザ
1968,ゴジラ
1969,「」の初恋
1970,電王
1971,ジョジョ
1972,ゾーマ
1973,セーラームーン
1974,22222
1975,FF6
1977,ハヤテのごとく!
1978,好み
1979,春ちゃん
1980,腰振り
1981,愛
1983,ナウシカ
1984,こどものじかん
1986,スーパーカー
1987,しょこたん
1988,「」の姉ちゃん
1989,虫
1990,首吊
1991,PenD
1992,タモリ
1993,トリビア
1994,津波
1996,ポピー
1998,東京
1999,プルシェンコ
2002,古代日本@dat
2003,涼ちん
2004,舞-HiME
2006,三浪さん
2007,立体視
2008,ポニョ
2010,コロンブス
2011,徴兵制
2012,datミッション
2013,datでフィギュア作りが
2014,がんぷら
2015,皇室
2016,いじめ
2017,「」色に染め上げてくれ
2018,DB
2019,ひだまりスケッチ
2020,おまひま
2021,ネオジム
2022,ココペリ
2023,MAG・ネット
2024,ヨーヨー
2025,4コマ漫画
2027,シコシコンボイ
2030,ネクタイ
2031,耳掻き
2033,ニンフちゃん
2034,キャンギャル
2035,踊る設計士
2036,来栖
2037,お客さん
2039,村
2040,混浴露天風呂
2041,ウェンディ
2042,スからキャラ
2043,反芻
2044,daニメ
2045,数学
2046,グミックス
2047,だと村一武闘会
2048,マンキン
2049,スオウ
2050,Wii
2051,集団急性記憶喪失
2052,B
2053,塗り忘れ
2054,ハートキャッチプリキュア
2055,千尋の谷
2056,インターネット配信
2057,オイモイモー
2060,ゾンビインワンダーランド
2061,紅瓢箪
2062,ゾロ目
2063,寅丸
2064,大空寺あゆ
2065,7レスで小説書きます
2066,寝ブタ祭り
2068,メンデルスゾーン
2069,お絵かきsql
2070,俺
2071,自演
2072,実況
2073,ドラえもん
2074,割れ「」
2075,ゲーム
2076,しゅごキャラ
2077,煮しめ
2078,キモい人
2079,春一番
2080,日本橋ストリートフェスタ
2081,一人暮らし
2082,西島さん
2083,亜美真美「」
2084,妖狐
2085,牙をむくハムスター
2086,仮面ライダーアマゾン
2087,坂東英二
2088,イカ娘
2089,ピンク
2090,dat村の朝は早い
2091,コンドーム
2092,ラノベデビューしたい
2093,涼宮
2094,億泰
2095,美大「」
2096,ラー油
2097,東京スカイツリー
2098,平野綾
2100,ローゼンメイデン
2101,虹裏語
2102,ランボー
2103,パコと魔法の絵本
2104,タイムスクープハンター
2105,BALDR SKY
2106,藤子F
2107,乳首
2108,スクールランブル
2110,金正男
2111,黒スト
2112,わは!
2113,大沢たかお
2115,情報漏洩
2117,泣ける曲
2118,ロックブーケ
2120,オオカミさん
2121,口笛
2122,詩集
2124,Angel Beats!
2125,iPad
2126,コトノーとニヤコラ誕生秘話
2127,スノコ
2128,わぁい
2129,「」もこういうことされたんだね…
2130,ガチャピン
2131,桃園ラブ
2132,GA 芸術科アートデザインクラス
2133,静岡
2134,iPad分解
2135,シスコン
2136,巫女
2137,メイド
2138,炒飯
2139,配信者評
2140,よしこ
2141,たちあがれ日本
2142,世界樹の迷宮
2143,ニュース
2144,ノリ消化
2145,ハルカ
2146,(言ってみました)
2147,うなぎ
2148,基地
2149,火
2150,なんか戦士だったー
2151,ロボ
2152,黒くして
2153,接着剤 コツ
2154,GIF
2156,CrossDays
2157,ホイホイさん
2158,映画俳優
2159,玲
2160,HEROMAN
2161,チルノ
2162,新機能
2163,nov
2166,桑島法子
2167,むぎちゃん
2168,おトイレ
2169,日本語ラップ
2170,最近小町来ないけど
2171,del機能発動
2172,だとふらい
2173,削除機能
2175,WORKING!!
2176,カナカナ
2177,会長はメイド様
2178,福山雅治
2179,怪物くん
2180,perfume
2182,知らん。
2183,栗山千明
2184,ダンスインザヴァンパイアバンド
2185,三十路
2186,シゴフミ
2187,MGS
2188,魔璃
2189,いちばんうしろの大魔王
2190,仮面ライダーキバ
2191,はっしょんふ
2192,黄色
2193,ToHeart2
2194,みっちゃん
2195,月村すずか
2196,外部ネタ
2198,清潔感
2199,江戸時代考察
2200,迷い猫オーバーラン!
2201,3Dカスタム少女
2202,トライガン
2203,狼と香辛料
2204,マヨネーズ
2205,HUNTER×HUNTER
2206,東京鬼祓師 鴉乃杜學園奇譚
2208,ボダラン
2209,すじ教
2210,ゾロ目で名前
2211,ヘリコプター整備士
2213,おくりびと
2214,納棺師
2215,牛
2217,オーシャンズ13
2218,jun文学
2219,NEEDLESS
2220,バンダイ
2221,第9地区
2222,就職難
2224,礼儀
2225,はっしょん
2226,metalgearsolid
2227,地方
2228,邦楽
2230,Xperia
2231,ロボコップ
2232,とらのあな
2233,まさか
2234,スガキヤ
2235,かな恵
2236,花澤香菜
2237,引退
2238,BUKKAKE
2240,おかわりもあるぞ!
2241,アルトネリコ
2242,サイカニア
2243,アニソン三昧
2244,サスケ
2245,ラブボディ
2246,ひーきさいたー
2247,らき☆すた
2248,文学少女
2249,スパッツ
2251,☆画野朗
2252,ゆうき
2253,FPS
2254,アイアンマン
2255,ゆうかりん
2256,大迷惑
2257,しんせんみ
2258,平野耕太
2259,感染症
2260,うに
2261,くみちゃん
2262,DTM
2263,咲世子さん
2264,金閣寺
2265,妖怪談義
2266,蒸せる…
2267,ボトムズ
2268,蒼穹のファフナー
2269,ドラゴンボール
2270,神様お願い
2271,お願い!ランキング
2274,さらい屋五葉
2276,ロボットアニメ
2277,仮面ライダー響鬼
2278,囲碁
2280,魔法先生ネギま!
2281,dat配信の今後
2282,名物「」
2283,アニメの現場
2284,楽器
2285,フラワハハ
2286,いばらの王
2287,誕生日
2288,小清水亜美
2289,帝国
2290,ホームページ
2291,歌声さらさら
2292,ToHeart
2295,腋巫女
2296,幽香
2298,アニメノチカラ
2299,クドわふたー
2300,デモンズソウル
2301,萌えビジネス
2302,ごぼ(ゆうしょく)
2303,ごぼ(ばんしゃく)
2304,カナヘビ
2306,宝くじ
2307,女子「」
2308,管理人さん
2309,ジブリ
2310,ヨスガノソラ
2311,dat「」の彼女
2312,びすた
2313,メイちゃん
2315,マジコンズ
2317,0救
2318,メフィラス星人
2319,忍者
2320,すごい
2321,スペースオペラ
2322,ノートパソコン
2323,SAI
2324,あらいずみるい
2325,おおさか
2326,明晰夢
2327,宮ちゃん
2328,魔法陣グルグル
2329,戦車
2330,安野モヨコ
2331,チャH
2332,とある科学の超電磁砲
2333,日常
2334,生徒会
2337,こえでおしごと!
2338,ぶるぅ
2340,天からトルテ!
2341,暗黒メイド
2342,初春
2343,エルフ
2344,今井麻美
2345,テトリス
2346,グーペ
2347,フェイイェン
2348,エリオ
2349,戸松遥
2350,阪田佳代
2351,CM
2352,datひろし
2353,レイプ
2354,だから未だに嫁さんも貰えん
2355,軍事
2356,文字スレ
2357,ピッカー
2358,メダロット
2359,ランス
2360,ドロイド
2361,ぱら☆いぞ
2362,ブレイズ・ユニオン
2363,酒天さん
2365,オタ芸
2366,恋姫†無双
2367,もふぬこ
2368,メイドRPG
2369,天地無用
2370,ねこ戦車
2372,新井里美
2373,蓉子様
2374,チャリンコ
2375,サッカー
2376,閃光のナイトレイド
2377,アウトサイダーアート
2378,ガンダムSEED
2379,アニメ作画
2380,穴
2381,伊藤かな恵
2382,ジグソーパズル
2383,褐色
2384,プリンセスラバー
2385,まなびストレート!
2386,パズル
2387,あぐあぐ
2388,パンチラ
2389,田中理恵
2391,宮崎羽衣
2392,スト4
2393,詳細
2394,ダイの大冒険
2396,ネーム
2397,グリー
2398,ゲーム業界
2399,もうちょい右
2400,筋肉
2401,ボンズ
2402,デブリマン
2403,世界まる見えテレビ
2404,反省会
2406,ジンキ
2407,SDガンダム
2408,蓉子
2409,Candydoll
2410,剣士
2411,モロの君
2412,AKB48
2413,アグリアス
2414,仮面ライダーブラックRX
2415,剣ちゃん
2416,竹達彩奈
2417,ゼーガペイン
2418,肉球
2419,セックスの公平な分配
2420,マリオ
2421,Avalon
2422,セガール
2423,祝福のカンパネラ
2424,もふり神
2426,ミミック
2427,GAINAX
2428,みつどもえ
2429,ネット小説
2430,アルジェントソーマ
2431,かみちゅ!
2432,はやぶさたん
2433,コロコロ
2435,我織
2436,あく禁3兄弟
2437,ペルソナ
2438,ヒトデヒットラー
2439,声優日本代表
2440,スパロボ
2441,マリア様が見てる
2442,E3
2443,3DS
2444,ドラクエ
2446,SDGO
2448,食わず嫌い
2449,ゴンゾ
2450,堀内賢雄
2451,B型H系
2452,三瓶由布子
2453,web漫画
2454,Google
2455,トトリさん
2456,Amazon
2458,田村ゆかり
2459,西又葵
2460,オオカミさんと七人の仲間たち
2461,澪ちゃん
2462,ベル様
2463,血便
2465,刀
2466,後藤さん
2467,正月仮面
2468,心霊
2469,チンチンブブゼラ
2470,カノンちゃん
2471,スタバ
2472,ちんこ
2473,ストロベリー・パニック
2474,セーラー服
2475,おみせやさん
2476,女の子の匂い
2477,サンクリ
2478,佐倉さん
2480,わちゃん
2481,WEB 恋姫†無双
2482,別団体SUMOUリーグ
2483,毒島 華花
2485,ティンクル☆くるせいだーす
2486,エイプリルフールの魔人
2487,一騎当千
2488,井上喜久子
2489,柊かがみ
2490,ギャイボン
2491,髪
2492,むちむち
2493,伝説の勇者の伝説
2494,尻
2495,仮面ライダーOOO
2496,水銀燈
2497,マラドーナ
2498,ウミショー
2499,水橋かおり
2501,欝がおる
2502,うるし原智志
2504,ティアリングサーガ
2505,腰痛
2506,水月
2508,インテックス
2509,ドリフターズ
2510,ハイネ先生
2511,ももえさん
2512,るろうに剣心
2513,これ股間の所
2514,うっかり
2515,耳をすませば
2516,指ですませば
2517,警察
2518,絶妙
2519,生徒会役員共
2521,屍鬼
2522,ケメコデラックス
2523,あそびにいくヨ!
2524,ランダム
2525,山田
2526,ハロワ…
2527,ビッチ
2528,HIGHSCHOOL OF THE DEAD
2529,ARIA
2530,少女漫画
2531,おジャ魔女どれみ
2532,パチスロ
2533,2k
2534,クーラ
2535,MAKO
2536,監視所
2537,世紀末オカルト学院
2539,datで歌が
2540,物忘れ
2541,熱唱マリアさん
2542,変な子注意報
2543,三国志
2544,地球連合
2545,アンバー
2546,ねんどろいど
2547,新体操
2548,岡村さん
2549,戦国BASARA
2550,遊戯王
2551,悠久幻想曲
2552,蘇芳
2553,黒髪ロングストレー党
2554,moo
2555,よしとみ君
2557,もやしもん
2558,クッパ
2559,網戸
2560,エクストリームオナニー
2561,ゆうえんち
2563,ギャバン
2564,3DCG
2565,オタク論
2566,怪物女王
2567,都市伝説
2569,佐藤利奈
2570,大江戸無双
2572,ミュシャ
2573,能登麻美子
2574,ベルマーク
2575,タクティクスオウガ
2576,飛行機
2577,ディエンド
2578,丘沼さん
2579,穴埋め
2580,日常会話
2581,火の鳥
2582,坊主
2583,アリエッティ
2584,タコ
2585,ヘリコプター
2586,夏フェス
2587,殺虫剤が効かないGが多発してるらしい
2588,音楽
2589,プロレス
2590,和服
2591,上履き
2592,ブラック★ロックシューター
2593,聖剣伝説LOM
2594,リメイク
2599,阿澄佳奈
2600,ネプテューヌ
2601,戦国
2602,脳外部記憶化
2603,エイラ
2604,深淵
2606,ゾンビ
2607,もずくちゃん
2608,マニューラ
2609,エルシャダイ
2610,電刃波動拳
2611,捜索スレ
2612,液晶ペンタブ
2624,WJヒロイン
2625,STAR DRIVER 輝きのタクト
2630,Canvas
2631,釘宮理恵
2632,戦国時代
2633,キングカズマ
2634,マクドナルド
2635,赤さん
2636,パンティ&amp;ストッキング
2637,ゲーソン三昧
2638,ブーストマスター
2639,肉豆腐
2640,それ町
2644,ホモ
2645,足
2646,コラ
2647,インフィニット・ストラトス
2648,人生
2649,抜け忍
2650,シノビ
2652,それでも町は廻っている
2653,女性専用車両
2654,肝練り
2655,やゆよ
2656,銭湯
2657,白タイツ
2658,ペリーヌ
2659,獣姦
2660,変質者
2661,男の娘
2662,「」の思い出
2663,鬱病
2664,dat秘密会議
2665,工画堂
2666,ファンタジー
2667,のぶ
2669,OS
2671,教育
2672,黒
2674,ひめたま
2675,lain
2676,総菜博士
2677,フェラ
2678,カウボーイ・ビバップ
2679,無職
2680,みなみけ
2681,セリフコラ
2682,シュレリア
2685,今敏
2686,おはボンド
2687,(いちご)
2688,原付
2689,二次裏
2690,格闘技
2692,怖い話
2693,dat@和光市
2696,スイカ
2699,ぬ〜べ〜
2700,才能
2701,9分割クイズ
2702,ヘルニア
2703,ゲスルー・釈
2704,カタログトラップ
2705,投げ売り
2706,大会
2707,妖夢
2708,俺魔理沙
2709,魔理沙
2710,長女
2711,雌豚
2712,つけ麺全部乗せ
2713,アキハバラ電脳組
2714,耳かき
2715,酸味ちゃん
2716,スーツアクター
2717,HALO3
2718,プリキャー
2719,杉田智和
2720,万猫
2721,アキネイター
2722,datマスク
2723,怪談レストラン
2724,ゆとり世代
2725,美容
2726,BLOOD+
2727,芳佳ちゃん
2728,粘着キチガイ
2729,hodogaya.kanagawa.ocn.ne.jp
2731,恒松あゆみ
2732,藤村歩
2733,化粧
2734,レミマリ パルスィ
2735,うり坊
2736,ウリ坊
2737,アニソン
2738,鮫の話
2739,hage
2740,パンヤ
2741,ソルティレイ
2742,ソメソメ
2743,リッツ
2744,みなも様
2745,西川貴教
2746,ロボット
2748,女装紳士
2749,株
2750,龍が如く
2751,惣菜
2752,無能
2753,インポ
2754,イシイユウタ
2756,risuka
2757,TKG
2758,FF14
2759,運転中に聴くとヤバイ曲
2760,ざみぃさん
2761,クチャーズ
2762,電マ
2763,金髪
2764,CD
2765,ミルキィホームズ
2766,二次元画像詳細検索
2767,王林
2768,STG
2769,なりきり
2770,HALO
2771,ッ料理
2772,WROKING!
2773,LO
2774,神のみぞ知るセカイ
2775,幼馴染み
2776,不幸話
2777,ゆゆ
2778,請井ひなげし
2779,洋ゲー
2780,太宰治
2781,「」
2782,PIPOPA
2783,純tyann
2784,純
2785,純ちゃん
2786,請井ひなぎく
2787,ひなげし
2788,井口裕香
2789,シャマル
2790,dat死天王
2791,クソコテ
2792,ペコ宮
2793,ドイツ
2794,唯姉ちゃん
2795,和
2796,素材
2797,narikiri
2798,「」専用MS
2799,シェリルノーム
2800,うさうさ
2801,パタリロ
2802,経県地
2803,中国
2804,sega
2805,SEGA
2806,S
2807,ゴスロリ
2808,おまんこ
2809,シーザー
2810,おとめ妖怪つむぎちゃん
2811,ダンボール
2812,スクールデイズ
2813,はいてない
2814,人工知能
2815,ブーメラン
2816,このコラ
2817,MHKにようこそ
2818,ネット小説があっても素直に読めない
2819,明石さん
2820,REDLINE
2821,64
2822,N64
2823,かわいいほのか
2824,タマ姉
2825,「」の平均
2826,和風総本家
2827,中野・N・なかの
2828,絶対少年
2829,ミドルエイジ・クライシス
2830,カレン
2831,外食
2832,とものり
2833,いちごちゃん
2834,雑談スレ
2835,ゾゾ
2836,リュミエール
2837,純ちゃんじゅんジュワ～
2838,わちき
2839,タイムトラベル
2840,ゴッドイーター
2841,てっぱん!
2842,だばぁ
2843,うんザリー
2844,エロなり
2845,test
2846,ラキスタさん
2847,バキ
2848,百花繚乱
2849,ギャグ王
2850,Facebook
2851,柚子
2852,セーブポイント
2853,Dofus
2854,エクセルサーガ
2855,ソウ
2856,YAZAWA
2857,タテログ
2858,エロ
2859,さんろうさん
2860,主婦「」
2861,SUMOU
2862,今日の料理
2863,屍姦
2864,おとめ妖怪ざくろ
2865,スマートフォン
2866,大本栞
2867,座りたまえ
2868,配信@dat
2869,石化
2870,トニーたけざき
2871,スカートめくり
2872,赤福
2873,ヘビ
2874,ゼノギアス
2875,ハイグレ
2876,リオ
2877,ロマサガ3
2878,スマートフォン 携帯
2879,とある魔術の禁書目録
2880,よつばと
2881,まうまう
2882,IS01
2883,穹
2884,PSO
2885,To LOVEる
2886,幽遊白書
2887,テキサス
2888,暮らしをもっと快適に
2889,UMA
2890,PSOBB
2891,紫もやし
2892,パチュリー
2893,ラブライブ!
2894,三郎さん
2895,窓際
2896,GOEMON
2897,めいめい
2898,ヤマト運輸
2899,仮面ライダーディケイド
2900,呪田さん
2901,ネオジオ
2902,むせる
2903,薄桜鬼
2904,ホームセンター
2905,DAT48
2906,png
2907,にーやっく
2908,ブラックラグーン
2909,今年の一文字
2910,LISP
2911,斎藤千和
2912,犬星
2913,腐川
2914,デイ・アフター
2915,ふかふか
2916,真一号
2917,ユキ
2918,ウミ
2919,藍
2920,27歳OL
2921,家族会議
2922,あつし
2923,過去ログ
2924,Kinect
2925,灼眼のシャナ
2926,Android
2927,エフゼロ
2928,作画
2929,クリス
2930,NTR
2931,スーパーマリオクラブ
2932,バニー
2933,Meさん
2934,M-1グランプリ
2935,スケベ
2936,キンタマハムスター
2937,黒こなさん
2938,TERA
2939,鬼畜
2940,規制
2941,うあうさ
2942,CL4P-TP
2943,うどんげ
2944,なりきり反省会
2945,うさセイバー
2946,ウルヴァリン
2947,相棒
2948,餅
2949,伺か
2950,寿司
2951,MOD
2952,クリミナルガールズ
2953,オブリビオン
2954,退場
2955,性奴隷
2956,JASRAC
2957,古明地
2958,はんだづけカフェ
2959,メリー
2960,宇宙最強の男
2961,Berryz工房
2962,夢喰いメリー
2963,NETDUETTO
2964,宇宙最強かつ宇宙一可愛い女
2965,汝は人狼なりや?
2966,江
2967,探索スレ
2968,娘タイプ
2969,碁会所
2970,荒らしや叩き大歓迎の宇宙最強の男
2971,ヤフオク
2972,おにすき
2973,おちんこ
2974,レベルE
2975,むちぎゃん
2976,トキメキファンタジー ラテール(192)
2977,風邪
2978,これはゾンビですか?
2979,反物質
2980,アヘ顔ダブルピース
2981,魔法少女まどかマギカ
2982,ミサカ
2983,IS
2984,Rio
2985,委員長
2986,ルカ
2987,花
2988,いないさん
2989,強さにおいて宇宙一の男
2990,雪
2991,綺羅星
2992,ガンダムX
2993,宇宙一の侵略者
2994,駒都えーじ
2995,クレジットカード
2996,水月弐
2997,キュベレイ
2998,皮
2999,歯
3000,ローソン
3001,荒らしもまたいで通る 略してアラまたの侵略者様
3002,夏目
3003,ペンタブ
3004,紅の豚
3005,BGM
3006,朱鷺子
3007,おっぱい職人
3008,30代
3009,フラクタル
3010,鱚
3011,AKB
3012,DTB
3013,痔
3014,ためしてガッテン
3015,FF
3016,NGP
3017,多部未華子
3018,パソコン
3019,ばってんさん4周年
3020,そふてにっ
3021,ブルース・リー
3022,尺八大魔王
3023,dせつな
3024,歴史
3026,宇宙一の強戦士サイヤ人の王子様
3027,朝ぷりえ
3028,不思議の幻想郷
3029,ピンサロ
3030,電池
3031,ジレスジレンマ
3032,節分
3033,鉄拳
3034,ヤンキー
3035,苺ましまろ
3036,大阪
3037,おまもりひまり
3038,射精
3039,でぶ
3040,在日
3041,説教
3042,荒らしもおびえて逃げ出す宇宙最強のサイヤ人
3043,ティア
3044,算数
3045,荒らしもムキムキして雑談スレで愚痴るほど強い侵略者
3046,モンハン
3047,パワーレンジャー
3048,サモンナイト
3049,詰将棋
3059,回転寿司
3060,黒田勇樹
3061,GOSICK
3062,スイートプリキュア
3063,ざくろくん
3064,アプサラス
3065,荒らしにも負けないほど強くてかっこいいサイヤ人
3066,フリーソフト
3067,さろま子
3068,和泉
3069,まどかマギか
3070,沙羅双樹
3071,海外
3072,名レス
3073,ガーターベルト
3074,JUSCO
3075,スーパー戦隊
3076,放課後のプレアデス
3077,おっぷあお
3078,GA
3079,キャサリン
3080,西友
3081,サカナくん
3082,藤田咲
3083,電脳コイル
3084,LED
3085,デジカメ
3086,新キャラ
3087,はなまる幼稚園
3088,ありんす
3089,サイボーグ
3090,力持ち
3091,パンチ
3092,荒らしどもも必死になっちゃうくらいすごい王子様
3093,血液型
3094,格差
3095,身長
3096,トキメキファンタジーラテール
3097,スレ立て規制
3098,ネギ
3099,麺帝
3100,ヤン
3101,フリーゲーム
3102,IS&lt;インフィニット・ストラトス&gt;
3103,えびふらい
3104,妊娠線
3105,ふたば@
3106,本
3107,HAEVEST
3108,t
3109,アバター
3110,お兄ちゃんのことなんかぜんぜん好きじゃないんだからねっ!!
3111,darで絵が
3112,天使
3113,ギャラクシーエンジェル
3114,@dat
3115,将棋
3116,@ふたば
3117,「」の彼女
3118,痛クシー
3119,星空へ架かる橋
3120,ユノっと
3121,「」のモテ期
3122,キュゥべえ
3123,沙羅
3124,キノさん
3125,手相
3126,月
3127,ゴーストスィーパー美神
3128,餅なりきり
3129,ファミコン
3130,朴さん
3131,batキャラ
3132,定形
3133,花粉症
3134,結婚
3135,バイオハザード
3136,くそげー
3137,スケバン
3138,ぷちっと★ロックシューター
3139,水銀灯
3140,富士山
3141,原子力
3142,土木建築
3143,間取り
3144,鈴仙
3145,睡眠妨害
3146,ゴーストバスターズ
3147,ダメージジーンズ
3148,カニ
3149,レオタード
3150,りんご保安院
3151,ぽぽぽぽーん
3152,「」の家族
3153,イケメン
3154,割とどうでもいい
3155,ライオン
3156,銀魂
3157,チェルノ
3158,FF7
3159,アルカナハート3
3160,コレピク
3161,あけめほどか
3162,酢豚
3163,自殺
3164,ドラゴンクライシス
3165,がんばれゴエモン
3166,あエ顔
3167,つまんねガール
3168,原爆
3169,旅行
3170,痔悪化
3171,節電
3172,AC
3173,アルカナハ-ト3
3174,AKIRA
3175,進研ゼミ
3176,ダイ・ハード
3177,音ゲー
3178,ニャル子さん
3179,クイズ
3180,ライン工
3181,茶色
3182,最終回
3183,霊夢
3184,トータル・リコール
3185,レーシングラグーン
3186,エロ漫画家
3187,英語
3188,ジルオール
3189,ぷっすま
3190,江頭
3191,江頭2:50
3192,おもしれボーイ
3193,替え歌
3194,ヒロイック・エイジ
3195,スパイダーマン
3196,神々の黄昏
3197,壺魔人
3198,Aチャンネル
3199,コラム
3200,ちんぽハメ
3201,風見幽香
3202,詳細希望
3203,ウーパールーパー
3204,我が家のお稲荷さま。
3205,シャバ僧
3206,シャバい
3207,幼馴染
3208,紫
3209,ポディマハッタヤさん
3210,KOTOKO
3211,青の祓魔師
3212,パンシャーヌ
3213,花咲くいろは
3214,FNO
3215,か
3216,な
3217,め
3218,DVD
3219,リース
3220,DOG DAYS
3221,きりんさん
3222,あなる
3223,黒子
3224,さとし(仮名※実名ではない)
3225,えん魔くん
3226,謎の白い液体
3227,エクスカリバ子
3228,イノセンス
3229,攻殻
3230,腋
3231,イレイザー
3232,先生のおしりがやぶけた!
3233,dat魔法少女
3234,コラボ
3235,暇
3236,故郷に錦
3237,そふてにちゃん
3238,ルパン三世 DEAD OR ALIVE
3239,お風呂場でんじろう
3240,ヴァンガード
3241,温泉
3242,魔女っ子メグちゃん
3243,人間国宝
3244,萌え萌え大戦争げんだいばーん
3245,本格派
3246,パンダ
3247,もしドラ
3248,リモコン
3249,シューマイ
3250,クン奴
3251,借りパク
3252,あの日見た花の名前を僕達はまだ知らない。
3253,地の利
3254,三次彼女欲しくないの?
3255,QMA
3256,ふたばMTG
3257,魔根
3258,ゆるゆり
3259,お燐
3260,ブロントさん
3261,槇原敬之
3262,年増園
3263,バター
3264,名古屋
3265,かもすぞー
3266,マミ
3267,おうちどこー?こどもどこー?
3268,筋肉少女帯
3269,ruku
3270,献立表
3271,夜食スレ
3272,プリティーリズム
3273,僕は友達が少ない
3274,ダンボール戦機
3275,神秘の世界エルハザード
3276,休憩するスレ
3277,アーマードコア
3278,いぬめいど
3279,オリハルコン
3280,「」ッチー
3281,はちみつレモン
3282,レス削除機能の悪用
3283,ro
3284,馬車
3285,ヤコブ
3286,午後ロー
3287,C
3288,UFO
3289,ベイスターズ
3290,三題噺
3291,秋山
3292,原さん
3293,真奈美ちゃん
3294,ダイソンさん
3295,メヂューサ
3296,読め
3297,鹿野優以
3298,物騒なdat
3299,3rd
3300,緑
3301,健康
3302,人質犬
3303,あさひ先輩
3304,kora
3305,釘リア
3306,Windows8
3307,ガンダムAGE
3308,中
3309,タバコ
3310,しゅたげさん
3311,天照大神
3312,神
3313,ベア・グリルス
3314,ユー子
3315,エアコン
3316,ゴルフ
3317,扇風機
3318,まりあ†ほりっく
3319,修学旅行
3320,ぷにジュース
3321,ハーフパンツ
3322,すべる話
3323,JIN-仁-
3324,天下取り隊(終)
3325,戦国乙女
3326,ドラクエ5
3327,鈴千
3328,朝銀
3329,カメンライダーフォーゼ
3330,仮面ライダーフォーぜ
3331,仮面ライダーフォーゼ
3332,昼
3333,ツインエンジェル
3334,ベッキー
3335,すーぱーそに子
3336,ジュエルペット サンシャイン
3337,TIGER &amp; BUNNY
3338,絵チャット
3339,ダイモス
3340,朝倉さん
3341,チャー研
3342,性欲
3343,Steins;Gate
3344,トラックボール
3345,木村貴宏
3346,死にたい
3347,ブリーフ
3348,セイクリットセブン
3349,セイクリッドセブン
3350,ナイア
3351,ベル
3352,こち亀
3353,コッペパン
3354,天子
3355,BLOOD-C
3356,口は災いの元
3357,平八郎
3358,ノイタミナ
3359,沢城みゆき
3360,テイルズ
3361,ナッパ
3362,九州
3363,シュークリーム
3364,ゼルダ
3365,中島愛
3366,ダンタリアンの書架
3367,徹子の部屋
3368,レディー・ガガ
3369,豊崎愛生
3370,ジュエルペット
3371,まりや
3372,宮台真司
3373,なりきり雑談
3374,バファローベル
3375,四国萌隊
3376,ベルセルク
3377,痴女
3378,91
3379,マガジン
3380,ニーチェ
3381,アイス配送「」
3382,献血
3383,ぷよぷよ
3384,病気
3385,ペイント
3386,カースメーカ
3387,アイス
3388,チャゲ&amp;アスカ
3389,格闘ゲーム
3390,砲丸投げ
3391,外はカツカツ中はふんわりアツアツ
3392,勇者ヨシヒコと魔王の城
3393,早苗
3394,河合ほのか
3395,イナズマイレブン
3396,猫神やおよろず
3397,NERUちゃん
3398,アイマス2
3399,ヒカリアン
3400,Google+
3401,キリン
3402,クリーチャー
3403,シャドージョー
3404,ロッテのおもちゃ
3405,アルカナハート
3406,ちょっとうんこしてくる
3407,リンちゃん
3408,りゅーしさん
3409,アート
3410,チアガール
3411,荒川アンダーザブリッジ
3412,塩素
3413,現代アート
3414,ああっ女神さまっ
3415,AQUAPAZZA
3416,コールセンター
3417,ロウきゅーぶ!
3418,耐久
3419,ぞろ目神話
3420,ACV
3421,オリジナルポケモン
3422,クラリーチェ
3423,てぶらーにゃ♪
3424,異国迷路のクロワーゼ
3425,クエリムヒルト
3426,NARUTO
3427,はっとりみつる
3428,ろうきゅーぶさん
3429,写メ
3430,日本語教室
3431,エロリミコ
3432,エロなりきり?
3433,キアヌ・リーブス
3434,2組
3435,鈴音
3436,ペット
3437,ゆるゆりちゃん
3438,沢近
3439,真性
3440,pc
3441,たかし
3442,バットマン
3443,まよチキ
3444,ようこそようこ
3445,ハングル
3446,のりりん
3447,江戸ゲイン
3448,灼眼の俺
3449,どろり
3450,ゲーセン
3451,岸田メル
3452,アニメイト
3453,cgi
3454,miku
3455,いこ
3456,破
3457,ヒギョパム
3458,デビルサバイバー
3459,俺妹
3460,アトリエシリーズ
3461,きのこ
3462,きももん氏
3463,みく
3464,ゆるゆる大拡張
3465,ロードバイク
3466,AMラジオ
3467,知欠先生
3468,インド系魔法少女
3469,押井守
3470,キングカズ
3471,ゴーカイジャー
3472,めだかボックス
3473,バシホーンⅡ世
3474,光宙
3475,うたの☆プリンスさまっ♪
3476,XP
3477,KAARASAWA
3478,レア
3479,練り物
3480,dat
3481,少年激覇ダン
3482,R-15
3483,エロ同人
3484,お絵かき
3485,士郎正宗
3486,ゲームサウンド
3487,yakitori
3488,お姉ちゃん
3489,3時
3490,ヘラクライスト
3491,心霊写真
3492,灼熱のグレンガリバー
3493,しゃうえっせん
3494,ミトラス
3495,キュアハウンド
3496,しりとり
3497,MoE
3498,Master of Epic
3499,廻るピングドラム
3500,粗食ちゃん
3501,パンクラチオン
3502,勇者ヨシヒコ
3503,リンチャン
3504,ニワトリオ
3505,屑肉
3506,通報
3507,輪るピングドラム
3508,ブロッコリー
3509,閃乱カグラ
3510,「」ちゃん渾身のネタ話
3511,シンフォニックラブ
3512,レンコン
3513,ゲキャフォ
3514,極上生徒会
3515,Apple
3516,ちゅうさ
3517,ハットリ
3518,フリーダットソン
3519,クイーンズブレイド
3520,うしじまいい肉
3521,電気電子技術
3522,ダークソウル
3523,Fate
3524,焼き芋
3525,ムーミン
3526,スレイヤーズ
3527,未解決事件
3528,PSVITA
3529,ベン・トー
3530,BLAZBLUE
3531,松屋
3532,ココ壱
3533,ガンダムZ
3534,タブレット
3535,香川
3536,アスペルガー
3537,ライター
3538,小学生同士
3539,ながされて藍蘭島
3540,明稜帝 梧桐勢十郎
3541,定型
3542,閻魔あい
3543,アグリア
3544,にくてんもく
3545,ファフナー
3546,MSX
3547,台湾
3548,美琴
3549,ぱんにゃ
3550,マウス
3552,kanon
3553,ヨッ…
3554,アコ「」
3555,gdgd妖精s
3556,GTA
3557,全裸様
3558,でじこ
3559,受信料
3560,ワンセグ
3561,ゴウカイジャー
3562,ジャムおじさん
3563,アンパンマン
3564,携帯ふたば
3565,経済
3566,タイガーマスク
3567,5レスまで
3568,だるま落とし
3569,チョココローネ
3570,開国@dat
3571,漫画
3572,都会の洗礼
3573,あやせ
3574,ドリキャス
3575,犯されるー!!
3576,ラジコン
3577,きりの
3578,オークション
3579,女性経験
3580,ローション
3581,のっぺらぼう
3582,Zero
3583,リヴァイアス
3584,あずまんが大王
3585,ワニの対処法
3586,ノーラ
3587,エターナル東方
3588,ハプニングバー
3589,トゥルーデ
3590,相棒@dat
3591,セブンスドラゴン2020
3592,アイドルマスター
3593,ホモダイン
3594,datでもなんくるないさ!
3595,スカイリム
3596,キャンディポップナイトメア
3597,俺屍
3598,ましろ色シンフォニー
3599,境界線上のホライゾン
3600,ぬらりひょんの孫
3601,大盛り
3602,サメ地獄
3603,スマイルプリキュア
3604,マリオカート7
3605,EXVS
3606,ボボボーボ・ボーボボ
3607,職質
3608,紳士ピスタチオ
3609,さやかと仁美
3610,シャロ
3611,ケンタッキー
3612,ギルボラニアン
3613,しんやのうみ
3614,槍太郎
3615,ケツの日
3616,平野ざまあw
3617,グロ
3618,社会
3619,img
3620,ファミレスの記憶
3621,しんやのりく
3622,脇
3623,ミッフィー
3624,フォーゼ
3625,俺とお前とリレ・ブラウ
3626,なー
3627,埼玉ジェイコム
3628,運賃スレ
3629,ポエム
3630,まふゆのやま
3631,天子ちゃん
3632,GARO
3633,アニマス
3634,白衣性恋愛症候群
3635,ぽぷら
3636,アニメソング
3637,うn
3638,スイート
3639,てめぇの顔も見飽きたぜ!!
3640,機動戦艦ナデシコ
3641,ネバーエンディングストーリー
3642,X-ファイル真実を求めて
3643,datつまんね
3644,シオニ
3645,バリエント教授の耳
3646,イルカ
3647,思い出
3648,孤独のグルメ
3649,おすすめアニメ
3650,中野
3651,プーさんのホームランダービー
3652,ゆるキャラ
3653,datあにめ
3654,datでギャルゲー
3655,datで3DCG
3656,サンデーマガジン50周年
3657,うさぎドロップ
3658,シイラサマノツカイ
3659,「」の呼び方
3660,なう
3661,あの夏で待ってる
3662,新世紀エヴァンゲリオン
3663,戸塚ヨットスクール
3664,輪廻のラグランジェ
3665,わっぱリ
3666,CG
3667,電人ザボーガー
3668,キネクト配信
3669,海野葡萄さん
3670,元気がでるアニソン
3671,キルミーベイベー
3672,邦楽ロック
3673,てのりまなか
3674,剛力
3675,エリア88
3676,モバマス
3677,GUNMA
3678,おおかみこどもの雨と雪
3679,アクエリオンEVOL
3680,鋼
3681,チンチン
3682,緑髪
3715,アリスの独白
3716,2期
3717,フェラゾーマ
3718,ルーズソックス
3719,あきらめないで!
3720,夕ニャン
3721,ラグランジェ
3722,R
3723,西ちゃん
3724,ばってんさん5周年
3725,千利休
3726,けしからん
3727,大予言
3728,イズル
3729,マクロス7
3730,輪郭修正師
3731,雪国
3732,モーレツ宇宙海賊
3733,ヒロイン
3734,アリューゼ
3735,交通に関する不満な点
3736,DeadSpace
3737,昔のアニメ
3738,事務員
3739,ネットランナー
3740,空母
3741,本物
3742,PSO2
3743,ストパニ
3744,情報商材
3745,弁とジョンソン
3746,ミーア
3747,ギルティクラウン
3748,もこまる
3749,茨木愛
3750,枕
3751,笙
3752,院卒
3753,しげる
3754,響絶頂ニンフォマニア
3755,掛け持ち
3756,Another
3757,毎週何か楽しみにしてることある?
3758,ニコニコ
3759,つネり
3760,にこぷん
3793,風俗店名
3826,おがめ
3827,戦姫絶唱シンフォギア
3828,偽物語
3829,もっさんSTG
3830,BSアニメ
3831,カワイイTV
3832,映画 スカイキャプテン
3833,「」の義兄
3834,マインクラフト
3835,年齢
3836,富士さん
3837,Tony
3838,シルバニアファミリー
3839,自治厨
3840,鬼父
3841,セガサターン
3874,エクスタC
3875,原監督
3876,律子「」
3877,Minecraft
3878,ゆうぐれのかわ
3879,キャラメイクファクトリー
3880,シンフォギア
3881,原価さん;追悼
3882,mai
3883,モーパイ
3884,えっちなイタズラ
3885,P3
3886,STEAM
3887,ジェリド
3888,ティターンズ
3889,delテスト
3890,Siri
3891,ハイスクールD×D
3892,ハルマン配信
3893,住宅事情
3894,満員電車
3895,趣味
3896,ブラックロックシューター
3897,ひなだお
3898,劇場版ストライクウィッチーズ
3899,フライト・オブ・フェニックス
3900,顔文字
3901,バスタード
3902,膝
3903,小学生
3936,ウエルベールの物語
3937,島耕作
3938,ラストエグザイル
3939,性癖
3940,ハムカツ
3941,6月末に
3942,れいかさん
3943,新プーヤン
3944,聖闘士星矢
3945,ゴーバスターズ
3946,アクセル・ワールド
3947,アキカン!
3948,あの「」は今
3949,393
3950,夏色キセキ
3951,メカ娘
3952,FateZero
3953,聖闘士星矢Ω
3954,カブキマン
3955,休職
3956,男子高校生の日常
3957,氷菓
3958,這いよれニャル子さん
3959,3D
3960,妖精さんっくす
3961,IEYASU
3962,最悪手錠
3963,トゲ氏
3964,シャル
3965,ヤマト
3966,あっちこっち
3967,オバQ
3968,クマ
3969,ハロワ
3970,黄昏乙女×アムネジア
3971,こたつ
3972,クロ子
3973,B&amp;S
3974,映画音楽
3975,悲しすぎる
3976,(゜д゜)シメジ
3977,甘味ちゃんの帽子
3978,吉沢ファルコンズ
3979,真夜
3980,スタイリッシュ
3981,dat禁止ガール
3982,勘違い
4015,これはいかん!
4016,「」の愉快な日々
4017,記憶喪失
4018,キタエリ
4019,人力検索
4020,特撮
4021,シェルノサージュ
4022,白魔
4023,きいてきいてきいてくださいまし
4024,昼まどい
4025,シロ&amp;パープー
4026,98
4027,二次創作
4028,稲荷
4029,プレデター
4030,日食
4031,読書
4032,「」の姉
4033,童貞力
4034,メガレンジャー
4035,75期dat研究生
4036,大沢とたかお
4037,デザート
4038,モハメド・アブドゥル
4039,山梨
4040,サキュバス
4041,漫才
4042,いばら
4043,探検隊@dat
4044,ゾロ目で名前決めようぞ
4045,みじかめちゃん
4046,母
4047,トモノリでメッチャシコる会
4048,ブラジャー
4049,シュワ
4050,だとふらい畑
4051,駅
4052,かりんとう
4053,質疑応答
4054,家族
4055,岩波文庫
4056,( ‘(I￥‘)
4057,アフィブログ
4058,エROなり
4059,ドン引き告白大会
4060,ひなだ王
4061,紫門錦子
4062,狼やな
4063,クロワッさん
4064,d@tちゃん
4097,ダム
4098,アレ
4099,ハンター
4100,クズル先生
4101,エントロピー
4102,ネッサ
4103,BM98
4104,スレ子
4105,ガッ活
4138,神夜
4139,コロナ
4140,山寺宏一
4141,全部右足
4142,女ハンターみたいな人
4143,トランスフォーマー
4144,アイアムアヒーロー
4145,IKEMEN
4146,松来未祐
4147,閣下
4148,鉄子「」
4149,猫の絵描き
4150,三森すずこ
4151,ダットブレイカー
4152,マヤカ
4153,エロゲソング
4154,ZETMAN
4187,ピザカッター
4188,童貞狩り
4189,マリア
4190,アッチーナ
4191,都合のいい女カフェ
4192,できるJKスタイル
4225,お見合い@dat
4226,タコ少女
4227,ちんぽはめこ
4228,flash
4229,人類は衰退しました
4230,八尺様
4231,ちくび魔女
4232,異種姦
4233,かきアイスマン
4266,ちゃんみお
4267,ゾイド
4300,加藤英美里
4301,ギルドマスター
4302,キャッチフィーリング
4303,星奈
4304,P4U
4305,タワレコ
4306,ハリト - 炎 - ウィザードリー
4307,出張メンタルクリニック
4308,StylipS
4309,シティーハンター
4310,ドライブミュージック@夏の夜
4311,ブリティッシュマン
4312,DROPS
4313,小倉唯
4314,後藤沙緒里
4315,ドラクエ10
4316,ナイアー
4317,7月生まれのdatキャラ
4318,datゲーム
4319,ドラクエX
4320,メルトダウナー
4321,フィギュア射精
4322,たこ焼き
4323,聖職者
4324,ゾΔシ
4325,クリームソーダ伯爵
4326,チェスマーリモ
4327,kaze
4328,全ての源、マザーブラック
4329,新田
4330,jun@ちゃん
4331,七英雄
4332,トゲピー
4333,ホークマン
4334,高飛車お嬢様幼女
4335,ゲジ子
4336,対Gミラクル戦士
4337,datのそういさん
4338,リグ・ナントカ
4339,datを侵略する脅威
4340,ブラいさん
4341,ぶどいさん
4342,イムホテップ
4343,ハイエロファントグリーン
4344,納豆大好きねばねば子
4345,おす
4346,フレミングの左手
4347,ウンコスタンピーダー
4348,ちょいワルを
4349,ナコルル先輩
4350,美佐子
4351,ひかりさn
4352,ウデー
4353,さおムちゃん
4354,ひさし
4355,カロリメイド
4356,なりきれない
4357,ふくざいさん
4358,よしん
4359,まん太
4360,おっぱいマシーン3号
4361,だっと!
4362,まずにゃん
4363,オナ禁・スカイウォーカー
4364,ワシ
4365,渡辺麻友
4366,ちょいあ
4367,SAO
4368,乳輪
4369,燕ちゃん
4370,修
4371,だまし絵
4372,いつもミラクル
4373,配管工
4374,火星
4375,水星
4376,眉太田舎
4377,ケーキマン
4378,和風キメラ
4379,バリー
4380,デント
4381,ハリケーン五反田
4382,フルーツチンポ
4383,ごぼてん
4384,杏子おねーさん
4385,漆黒のイシス
4386,石須加奈子
4387,黒歴史ノート
4388,悪魔
4389,梨穂子はかわいいなあ!
4390,日野ちゃん
4391,廃墟
4392,黒ギャル
4393,ソーセージ
4394,じょしらく
4395,elona
4396,TARI RARI
4397,切り絵
4398,佐々木さん山田くん
4399,イエピー
4400,なりきり叩き
4401,茜と左右
4402,マサシ
4403,TARI TARI
4404,イカロス「」
4437,ママー!
4438,甘味
4439,イエピー狩り
4440,この中に一人、妹がいる!
4473,スライム
4474,社会理科
4475,石原夏織
4476,七森中☆ごらく部
4508,悠木碧
4509,嘘エロ話
4510,ホットミルク
4511,黒豆さん
4512,自己紹介
4513,トミーズ雅
4514,立体化アンケート
4515,ロリウェーイ
4516,2号
4517,詩緒ちゃん
4518,キュアナックル
4519,騙り
4520,マルチ
4521,小見川千明
4522,ミラクルでござる
4523,まいまい
4524,ベール=ゼファー
4525,急ぎん着!
4526,こぁ
4559,ナターリア
4560,競水
4561,dec
4562,dat怪奇ファイル
4563,織田信奈の野望
4564,下着
4565,シリカ
4566,ヤポネッサ
4567,硫酸男
4568,あ
4569,リツコ
4570,藁男
4571,急ぎん着
4572,一生懸命ススメ!女の子!
4573,takibi
4574,保忘貼
4575,アルソックマン
4576,鼻毛代魔王
4577,門脇舞以
4578,飯島勲
4579,ガッツガンダム
4580,偽乳特戦隊!
4581,佐倉綾音
4582,ゆいかおり
4583,徳井青空
4584,＼ちゅどーん
4585,イス
4586,ちさと
4587,仮面ライダーカジ
4588,どへ
4589,AKB0048
4590,エロなりきり
4591,上坂すみれ
4592,茅原実里
4593,ザボーガー
4594,ドラクエ7
4595,dat板荒らし
4596,勇者ヨシヒコと悪霊の鍵
4597,ONE
4598,布都
4599,中二病でも恋がしたい!
4600,米兵暴行
4601,えびてん
4602,中傷
4603,侮辱
4604,満汁女将
4605,大根国宝
4606,ふえぇ…
4639,SKE48
4640,小木曽汐莉
4672,三澤紗千香
4673,高垣彩陽
4674,福圓美里
4675,キリ番
4676,たいおんけい
4677,輿水配信
4678,GEN-EN
4679,搾乳手コキ
4680,知らない
4681,しっぽにキス
4682,日笠陽子
4683,佐藤聡美
4684,矢作紗友里
4685,茅野愛衣
4686,瀬戸麻沙美
4687,後藤邑子
4688,緋弾のアリア
4689,佐々木未来
4690,チャック・ノリス
4691,双葉杏
4692,自由
4693,エロい楽天
4694,スケブラー現象
4695,寿美菜子
4728,人気投票
4729,マコト
4730,遊佐ちゃん
4731,ブログ
4732,石窟
4733,dat監視ガール
4734,小松未可子
4735,ウヒョー
4736,しょうもないスレ
4737,デビルちゃん
4738,副社長 専務
4739,仏教
4740,やまとなでしこ
4741,藤守 由宇
4742,RPGツクール
4743,憂ちゃん
4744,日高里菜
4745,脅迫
4746,ガールズ&amp;パンツァー
4747,松永真穂
4748,ミッドナイトシャッフル
4749,ふぇっ…
4782,即席ラ翁Ⅱ
4783,ルチャマスター
4784,哲学
4785,流行語
4786,井上麻里奈
4787,ダンボ
4788,実はいい人
4789,ぎんぎん銀ちゃん
4790,モグラクンニ
4791,vs.シリーズ
4792,ウマドンナ
4793,中二病でも恋がしたい
4794,メンヘラ
4795,セミの話
4796,示威雄
4797,流星
4798,天体観測
4799,ペニス0本
4800,ババア
4801,歌う声優三昧
4802,となかいちゃん
4835,不良品
4868,猿
4869,戦国コレクション
4870,メイド服
4871,ガキの使い
4904,猫拾った
4905,くらげくん
4906,内田真礼
4907,ちんぽこ揉ーみん
4908,ぬこちさ
4909,高森奈津美
4910,もちみ
4911,神奈川県「」
4944,オムラーイス!
4945,檄!帝国華撃団
4978,ダンバイン
4979,らんだむダンジョン
4980,福原香織
4981,パパのいうことを聞きなさい!
4982,たまこまーけっと
4983,もちこ
